ID,Product
271,Non-Customer
6929,Non-Customer
7381,Non-Customer
4408,V-Auto
5440,Non-Customer
4190,Non-Customer
6524,Non-Customer
8562,Non-Customer
266,Non-Customer
12098,Non-Customer
2273,Non-Customer
9485,Non-Customer
6208,Non-Customer
619,Non-Customer
9429,Non-Customer
2975,Non-Customer
1215,Non-Customer
9513,V-Pet
494,Non-Customer
12391,Non-Customer
2882,Non-Customer
9,Non-Customer
10301,V-Pet
8893,Non-Customer
12587,Non-Customer
12685,Non-Customer
10209,Non-Customer
12192,Non-Customer
4074,Non-Customer
4728,Non-Customer
8898,Non-Customer
4509,Non-Customer
4102,Non-Customer
9435,Non-Customer
1176,Non-Customer
6604,Non-Customer
1548,V-Pet
6876,Non-Customer
9395,Non-Customer
12224,Non-Customer
3783,Non-Customer
4900,Non-Customer
4218,Non-Customer
11970,Non-Customer
3434,Non-Customer
3640,Non-Customer
12271,Non-Customer
5080,Non-Customer
1869,Non-Customer
446,Non-Customer
12436,Non-Customer
7253,Non-Customer
10544,Non-Customer
1499,Non-Customer
1109,Non-Customer
9868,V-Auto
12695,Non-Customer
1336,Non-Customer
10199,Non-Customer
1261,V-Pet
11843,Non-Customer
5977,Non-Customer
8763,Non-Customer
662,Non-Customer
9565,Non-Customer
4832,Non-Customer
9791,Non-Customer
8561,Non-Customer
7054,Non-Customer
11525,Non-Customer
12058,V-Auto
5840,Non-Customer
5555,V-Pet
11164,Non-Customer
7633,Non-Customer
5488,Non-Customer
5165,Non-Customer
7734,Non-Customer
8324,Non-Customer
9135,V-Pet
9585,Non-Customer
335,Non-Customer
3913,Non-Customer
7117,Non-Customer
9336,V-Pet
10491,Non-Customer
2914,V-Pet
11460,Non-Customer
1344,Non-Customer
11176,Non-Customer
215,Non-Customer
10852,Non-Customer
8457,Non-Customer
2038,Non-Customer
10694,V-Pet
10819,V-Auto
6947,Non-Customer
10155,Non-Customer
3520,Non-Customer
12423,V-Auto
910,Non-Customer
11722,Non-Customer
3882,Non-Customer
10684,Non-Customer
11548,Non-Customer
1298,Non-Customer
5126,Non-Customer
8646,Non-Customer
4358,Non-Customer
12583,Non-Customer
7514,Non-Customer
9230,Non-Customer
7407,Non-Customer
2843,V-Pet
1325,Non-Customer
2187,V-Auto
3490,Non-Customer
9562,V-Auto
7776,Non-Customer
2252,V-Auto
3482,Non-Customer
3439,Non-Customer
11445,Non-Customer
5253,Non-Customer
5458,Non-Customer
7031,Non-Customer
1636,Non-Customer
11966,Non-Customer
6241,Non-Customer
11133,Non-Customer
11800,Non-Customer
7808,Non-Customer
3305,Non-Customer
3320,V-Pet
10627,Non-Customer
9288,Non-Customer
968,V-Pet
2224,Non-Customer
11102,Non-Customer
4612,Non-Customer
4889,Non-Customer
8741,Non-Customer
3502,Non-Customer
2932,Non-Customer
605,Non-Customer
1612,Non-Customer
3412,V-Pet
4841,Non-Customer
1754,V-Pet
8514,Non-Customer
8516,Non-Customer
12091,Non-Customer
2386,Non-Customer
7132,Non-Customer
2456,Non-Customer
1237,Non-Customer
9183,V-Auto
7682,Non-Customer
6777,Non-Customer
6016,Non-Customer
6097,V-Auto
9732,Non-Customer
6806,V-Auto
4215,Non-Customer
10714,Non-Customer
2904,Non-Customer
2732,Non-Customer
7650,Non-Customer
12688,Non-Customer
3210,Non-Customer
6444,Non-Customer
109,Non-Customer
9402,V-Pet
386,Non-Customer
7062,Non-Customer
11630,Non-Customer
3113,Non-Customer
2951,Non-Customer
11060,Non-Customer
6539,Non-Customer
9748,V-Auto
2333,Non-Customer
11568,Non-Customer
2776,Non-Customer
3396,Non-Customer
10592,Non-Customer
387,Non-Customer
614,Non-Customer
4844,V-Auto
5764,Non-Customer
3524,Non-Customer
11185,Non-Customer
8771,Non-Customer
9194,Non-Customer
1310,Non-Customer
4507,Non-Customer
7657,Non-Customer
4891,Non-Customer
7807,Non-Customer
7281,Non-Customer
837,V-Auto
3441,Non-Customer
746,Non-Customer
5901,Non-Customer
9888,Non-Customer
1794,Non-Customer
11067,Non-Customer
5647,Non-Customer
11605,Non-Customer
11837,Non-Customer
8519,Non-Customer
7599,Non-Customer
4698,Non-Customer
3886,Non-Customer
2764,Non-Customer
8307,Non-Customer
5421,Non-Customer
2199,Non-Customer
7622,Non-Customer
2693,Non-Customer
8467,V-Pet
5382,Non-Customer
7612,Non-Customer
11485,Non-Customer
12143,Non-Customer
8262,Non-Customer
9487,Non-Customer
3084,Non-Customer
9400,V-Auto
3248,Non-Customer
10410,Non-Customer
538,Non-Customer
7126,Non-Customer
7022,V-Pet
3906,Non-Customer
4826,Non-Customer
11912,Non-Customer
3082,V-Auto
9169,V-Pet
6971,Non-Customer
12270,Non-Customer
5182,Non-Customer
9897,Non-Customer
6538,Non-Customer
592,Non-Customer
9572,V-Pet
2378,Non-Customer
590,Non-Customer
3350,Non-Customer
11768,Non-Customer
7638,Non-Customer
4722,Non-Customer
2724,Non-Customer
9899,Non-Customer
6194,Non-Customer
818,Non-Customer
10663,V-Bag
1924,Non-Customer
2968,Non-Customer
3154,V-Pet
7963,Non-Customer
358,Non-Customer
913,Non-Customer
8628,Non-Customer
9524,V-Pet
11556,Non-Customer
8176,Non-Customer
9599,Non-Customer
10862,Non-Customer
10505,Non-Customer
11011,Non-Customer
12352,Non-Customer
6714,V-Auto
11125,Non-Customer
2313,Non-Customer
12667,Non-Customer
319,Non-Customer
11584,Non-Customer
10570,Non-Customer
173,Non-Customer
6165,Non-Customer
1230,Non-Customer
12585,Non-Customer
12547,Non-Customer
5800,V-Pet
4902,Non-Customer
12229,Non-Customer
9425,Non-Customer
2589,Non-Customer
7943,Non-Customer
10931,V-Auto
9134,Non-Customer
10990,Non-Customer
11992,Non-Customer
7044,Non-Customer
1385,Non-Customer
7680,Non-Customer
4523,Non-Customer
6018,Non-Customer
421,Non-Customer
8250,V-Auto
5077,Non-Customer
3046,V-Pet
9516,Non-Customer
803,Non-Customer
5123,Non-Customer
2520,V-Pet
155,Non-Customer
9685,Non-Customer
6238,Non-Customer
10623,V-Auto
1898,Non-Customer
7402,V-Auto
3327,V-Auto
1827,Non-Customer
8411,Non-Customer
3554,Non-Customer
7147,V-Auto
12000,Non-Customer
2868,Non-Customer
6933,Non-Customer
11095,Non-Customer
1467,Non-Customer
11153,Non-Customer
8151,Non-Customer
10943,V-Auto
805,Non-Customer
6479,Non-Customer
4848,V-Pet
9017,Non-Customer
11998,Non-Customer
8047,Non-Customer
12607,V-Auto
11898,Non-Customer
2471,Non-Customer
4405,Non-Customer
888,Non-Customer
12127,Non-Customer
12516,Non-Customer
10540,Non-Customer
2925,Non-Customer
5258,Non-Customer
11759,V-Pet
10400,Non-Customer
9303,Non-Customer
9656,Non-Customer
359,Non-Customer
12733,Non-Customer
8339,Non-Customer
5639,Non-Customer
9442,Non-Customer
5550,Non-Customer
3996,Non-Customer
88,Non-Customer
2937,V-Pet
1095,Non-Customer
9408,Non-Customer
6634,Non-Customer
6162,Non-Customer
5261,Non-Customer
3979,Non-Customer
4615,Non-Customer
8583,Non-Customer
8081,Non-Customer
3948,Non-Customer
3219,Non-Customer
7405,Non-Customer
3901,Non-Customer
7723,Non-Customer
256,Non-Customer
4125,Non-Customer
9292,Non-Customer
11387,Non-Customer
4746,Non-Customer
1635,Non-Customer
3829,Non-Customer
8042,Non-Customer
2449,Non-Customer
12001,Non-Customer
9037,Non-Customer
4120,Non-Customer
9523,Non-Customer
3790,Non-Customer
8752,Non-Customer
704,Non-Customer
1896,Non-Customer
1425,Non-Customer
7932,Non-Customer
3146,Non-Customer
11421,Non-Customer
11534,Non-Customer
9726,V-Pet
2458,Non-Customer
5016,Non-Customer
9652,Non-Customer
11823,Non-Customer
4072,Non-Customer
4053,Non-Customer
10286,Non-Customer
4577,V-Pet
4636,Non-Customer
7916,Non-Customer
11441,Non-Customer
12446,Non-Customer
4494,Non-Customer
12551,Non-Customer
2611,Non-Customer
7511,Non-Customer
12362,V-Pet
2011,Non-Customer
5299,V-Pet
4952,Non-Customer
4142,Non-Customer
12353,V-Auto
2404,Non-Customer
868,Non-Customer
6383,Non-Customer
3189,Non-Customer
1854,Non-Customer
3418,Non-Customer
12117,Non-Customer
11883,V-Auto
5226,Non-Customer
847,Non-Customer
6789,Non-Customer
2144,Non-Customer
8839,Non-Customer
11656,Non-Customer
5021,Non-Customer
3651,Non-Customer
9651,Non-Customer
950,Non-Customer
4570,Non-Customer
12350,Non-Customer
9346,Non-Customer
3936,Non-Customer
3167,Non-Customer
12215,V-Auto
10799,Non-Customer
2483,Non-Customer
3236,Non-Customer
4027,Non-Customer
5053,V-Pet
10907,Non-Customer
5175,Non-Customer
5961,Non-Customer
4984,Non-Customer
11830,V-Auto
5679,Non-Customer
12409,Non-Customer
11466,Non-Customer
2265,Non-Customer
9409,Non-Customer
12697,V-Pet
5271,Non-Customer
9367,Non-Customer
4522,Non-Customer
7220,Non-Customer
4564,Non-Customer
9539,Non-Customer
2666,Non-Customer
8342,Non-Customer
10638,Non-Customer
2856,Non-Customer
5742,Non-Customer
2043,Non-Customer
2996,Non-Customer
9878,Non-Customer
3508,V-Pet
7754,Non-Customer
9538,Non-Customer
9715,Non-Customer
9122,Non-Customer
324,V-Pet
35,Non-Customer
7884,Non-Customer
7965,Non-Customer
4294,Non-Customer
9712,Non-Customer
2620,Non-Customer
5462,Non-Customer
4063,Non-Customer
5543,Non-Customer
1855,Non-Customer
3581,Non-Customer
2798,Non-Customer
7506,Non-Customer
2373,Non-Customer
8880,Non-Customer
9389,Non-Customer
1800,V-Auto
5767,Non-Customer
9563,Non-Customer
2390,Non-Customer
4496,Non-Customer
4917,Non-Customer
5155,V-Auto
6875,Non-Customer
6401,Non-Customer
10738,V-Auto
10130,V-Pet
6881,Non-Customer
3584,Non-Customer
3950,Non-Customer
5138,Non-Customer
10989,Non-Customer
10535,Non-Customer
9645,Non-Customer
9368,Non-Customer
104,Non-Customer
1873,Non-Customer
7659,Non-Customer
6679,Non-Customer
1701,Non-Customer
5574,Non-Customer
3299,Non-Customer
4184,Non-Customer
6258,Non-Customer
2743,Non-Customer
1030,Non-Customer
9432,Non-Customer
10893,Non-Customer
10302,Non-Customer
8726,Non-Customer
11433,Non-Customer
3780,Non-Customer
1322,Non-Customer
3070,Non-Customer
9274,Non-Customer
10689,Non-Customer
11818,Non-Customer
718,Non-Customer
10038,Non-Customer
3992,Non-Customer
7372,Non-Customer
424,Non-Customer
1976,V-Auto
10951,Non-Customer
11179,Non-Customer
1150,Non-Customer
12267,Non-Customer
10213,Non-Customer
6924,Non-Customer
4989,Non-Customer
12634,Non-Customer
6406,Non-Customer
1844,Non-Customer
8019,Non-Customer
10354,V-Auto
1225,Non-Customer
10942,V-Auto
5110,V-Pet
8941,Non-Customer
4404,V-Auto
890,Non-Customer
737,Non-Customer
640,V-Auto
3529,Non-Customer
11730,V-Auto
7954,Non-Customer
6249,Non-Customer
7905,V-Pet
4439,V-Pet
564,Non-Customer
12124,Non-Customer
7315,Non-Customer
844,V-Pet
7868,Non-Customer
8697,Non-Customer
8986,Non-Customer
651,Non-Customer
12708,Non-Customer
8926,Non-Customer
8257,Non-Customer
689,Non-Customer
6423,Non-Customer
1956,Non-Customer
8582,V-Pet
2588,Non-Customer
9005,Non-Customer
8240,Non-Customer
2319,Non-Customer
11513,Non-Customer
4248,Non-Customer
715,Non-Customer
647,Non-Customer
5601,V-Pet
3806,Non-Customer
1870,Non-Customer
1925,Non-Customer
2300,Non-Customer
472,Non-Customer
7748,Non-Customer
4884,Non-Customer
1084,Non-Customer
6188,Non-Customer
5371,Non-Customer
11997,Non-Customer
7656,Non-Customer
9799,V-Pet
11795,Non-Customer
5872,Non-Customer
11189,Non-Customer
8873,Non-Customer
8004,Non-Customer
5222,Non-Customer
12186,Non-Customer
1243,Non-Customer
10405,Non-Customer
8170,Non-Customer
6369,Non-Customer
1214,Non-Customer
6551,Non-Customer
10940,Non-Customer
2293,Non-Customer
11971,Non-Customer
1623,Non-Customer
5509,Non-Customer
4127,Non-Customer
1809,V-Pet
6083,V-Pet
10329,V-Pet
8180,Non-Customer
11875,V-Auto
4836,V-Pet
12160,Non-Customer
11553,V-Pet
2708,Non-Customer
11516,Non-Customer
3068,Non-Customer
10726,Non-Customer
4595,Non-Customer
3810,Non-Customer
10751,Non-Customer
5104,Non-Customer
1802,Non-Customer
3681,Non-Customer
26,Non-Customer
10628,V-Auto
7713,Non-Customer
12476,Non-Customer
6970,Non-Customer
7542,Non-Customer
3086,V-Auto
10234,Non-Customer
5409,Non-Customer
1970,Non-Customer
1209,Non-Customer
6178,Non-Customer
3403,V-Pet
10469,Non-Customer
1290,V-Auto
11230,Non-Customer
1550,Non-Customer
8616,Non-Customer
6917,Non-Customer
8162,Non-Customer
10615,Non-Customer
2909,Non-Customer
11309,Non-Customer
2783,Non-Customer
1667,Non-Customer
514,Non-Customer
6003,Non-Customer
75,Non-Customer
6232,Non-Customer
12545,Non-Customer
6942,Non-Customer
426,Non-Customer
3436,Non-Customer
11984,Non-Customer
12162,Non-Customer
254,Non-Customer
863,Non-Customer
6326,Non-Customer
107,Non-Customer
8429,Non-Customer
5071,Non-Customer
5519,Non-Customer
11661,Non-Customer
12226,Non-Customer
4345,Non-Customer
8838,Non-Customer
6480,Non-Customer
1669,Non-Customer
4187,Non-Customer
3803,Non-Customer
10938,Non-Customer
491,Non-Customer
12138,Non-Customer
6167,Non-Customer
3251,Non-Customer
9156,Non-Customer
5402,Non-Customer
2624,V-Auto
1713,V-Auto
1675,Non-Customer
3185,Non-Customer
1791,V-Bag
1337,Non-Customer
3983,Non-Customer
5231,Non-Customer
4,Non-Customer
11740,Non-Customer
7563,Non-Customer
3449,Non-Customer
337,Non-Customer
2777,Non-Customer
663,Non-Customer
7783,V-Bag
3978,Non-Customer
1465,Non-Customer
10244,Non-Customer
845,Non-Customer
5070,Non-Customer
8413,V-Auto
5504,V-Auto
9971,Non-Customer
6395,Non-Customer
1982,Non-Customer
9762,Non-Customer
5119,Non-Customer
1558,Non-Customer
8159,Non-Customer
8049,Non-Customer
5495,Non-Customer
10710,Non-Customer
1321,Non-Customer
183,Non-Customer
6846,Non-Customer
6991,Non-Customer
1234,V-Pet
9548,Non-Customer
3423,Non-Customer
3467,Non-Customer
374,Non-Customer
10847,Non-Customer
9658,V-Auto
3523,Non-Customer
5692,Non-Customer
6189,Non-Customer
11929,Non-Customer
10352,Non-Customer
7237,Non-Customer
6431,Non-Customer
3630,Non-Customer
2073,Non-Customer
6430,Non-Customer
2601,Non-Customer
7822,Non-Customer
11835,Non-Customer
10251,Non-Customer
9836,Non-Customer
6027,Non-Customer
6999,V-Pet
5232,Non-Customer
4476,Non-Customer
4385,Non-Customer
3993,Non-Customer
246,Non-Customer
6269,Non-Customer
8570,Non-Customer
3578,Non-Customer
7997,Non-Customer
4596,Non-Customer
4547,Non-Customer
11301,V-Pet
5135,V-Auto
1484,Non-Customer
7819,Non-Customer
8485,Non-Customer
8975,Non-Customer
7047,V-Pet
3413,Non-Customer
2212,Non-Customer
8912,Non-Customer
10948,Non-Customer
11019,Non-Customer
372,V-Auto
9489,Non-Customer
7548,Non-Customer
5250,Non-Customer
12401,V-Pet
7055,Non-Customer
6595,Non-Customer
8569,Non-Customer
970,Non-Customer
11374,Non-Customer
7437,Non-Customer
6791,Non-Customer
9560,Non-Customer
11778,Non-Customer
10834,Non-Customer
8234,Non-Customer
8410,Non-Customer
2461,Non-Customer
2264,Non-Customer
8419,Non-Customer
10144,Non-Customer
2669,Non-Customer
2296,Non-Customer
12593,Non-Customer
6820,Non-Customer
7442,V-Auto
10434,Non-Customer
3994,Non-Customer
848,Non-Customer
7392,Non-Customer
1120,Non-Customer
2564,Non-Customer
3031,Non-Customer
1915,Non-Customer
2853,Non-Customer
323,Non-Customer
10008,Non-Customer
3265,Non-Customer
9550,Non-Customer
4185,Non-Customer
8417,Non-Customer
4453,Non-Customer
7794,Non-Customer
4693,Non-Customer
10078,Non-Customer
9275,Non-Customer
6550,V-Pet
5874,Non-Customer
3038,Non-Customer
4213,Non-Customer
2257,Non-Customer
6224,Non-Customer
4691,Non-Customer
4254,Non-Customer
5780,V-Auto
1444,Non-Customer
8064,Non-Customer
1521,Non-Customer
8068,Non-Customer
7345,Non-Customer
10967,Non-Customer
583,V-Auto
6623,Non-Customer
11289,Non-Customer
7696,Non-Customer
7094,Non-Customer
11390,Non-Customer
8253,Non-Customer
8502,Non-Customer
4696,Non-Customer
7266,Non-Customer
12084,Non-Customer
691,V-Pet
3580,Non-Customer
8320,Non-Customer
5177,Non-Customer
727,Non-Customer
11738,Non-Customer
6156,Non-Customer
9097,Non-Customer
10541,Non-Customer
9582,Non-Customer
9501,Non-Customer
5321,Non-Customer
3489,Non-Customer
12584,Non-Customer
113,Non-Customer
6956,Non-Customer
1062,Non-Customer
12194,Non-Customer
2271,Non-Customer
2888,Non-Customer
2736,Non-Customer
11745,V-Pet
1229,Non-Customer
2225,Non-Customer
4071,Non-Customer
6325,Non-Customer
8909,Non-Customer
11955,Non-Customer
9327,Non-Customer
96,Non-Customer
9388,Non-Customer
11073,Non-Customer
7515,Non-Customer
12268,Non-Customer
11590,Non-Customer
9604,Non-Customer
4147,V-Auto
10467,Non-Customer
3422,Non-Customer
11522,Non-Customer
3711,Non-Customer
8884,Non-Customer
8907,Non-Customer
12245,Non-Customer
3145,V-Pet
6594,Non-Customer
10764,Non-Customer
8252,Non-Customer
4715,Non-Customer
5270,Non-Customer
8899,Non-Customer
831,Non-Customer
8475,Non-Customer
10877,Non-Customer
3599,Non-Customer
1026,Non-Customer
3588,V-Pet
6121,V-Auto
11324,Non-Customer
6101,V-Pet
5197,Non-Customer
7584,Non-Customer
11313,V-Pet
9543,Non-Customer
6663,Non-Customer
9520,Non-Customer
4697,Non-Customer
9750,Non-Customer
971,V-Auto
7103,Non-Customer
12133,Non-Customer
4491,Non-Customer
8923,Non-Customer
8272,Non-Customer
2346,Non-Customer
5778,V-Pet
3753,Non-Customer
8193,Non-Customer
6765,Non-Customer
8126,V-Auto
11611,Non-Customer
5558,Non-Customer
10158,Non-Customer
8078,Non-Customer
3811,Non-Customer
10789,Non-Customer
1218,Non-Customer
11334,Non-Customer
8160,Non-Customer
6396,Non-Customer
8094,Non-Customer
9840,Non-Customer
8754,Non-Customer
487,Non-Customer
3921,Non-Customer
2238,Non-Customer
2076,Non-Customer
5715,Non-Customer
5866,V-Auto
10279,Non-Customer
10217,V-Bag
7177,V-Pet
5990,V-Auto
3394,Non-Customer
6752,Non-Customer
3477,Non-Customer
3355,Non-Customer
1245,Non-Customer
795,Non-Customer
7446,Non-Customer
12462,Non-Customer
11105,V-Auto
2163,Non-Customer
4588,Non-Customer
10445,Non-Customer
9384,Non-Customer
3850,Non-Customer
9491,Non-Customer
8739,Non-Customer
252,Non-Customer
10081,V-Auto
7641,Non-Customer
154,Non-Customer
2193,Non-Customer
1167,Non-Customer
11020,Non-Customer
5404,Non-Customer
8381,Non-Customer
11134,Non-Customer
1673,Non-Customer
10232,V-Pet
5595,Non-Customer
990,Non-Customer
1733,Non-Customer
7294,Non-Customer
11886,Non-Customer
5981,Non-Customer
5683,Non-Customer
3894,Non-Customer
3620,Non-Customer
4000,Non-Customer
8205,Non-Customer
2715,Non-Customer
2541,V-Auto
1934,V-Pet
12155,Non-Customer
8939,Non-Customer
7288,V-Pet
10869,V-Auto
7881,Non-Customer
5062,Non-Customer
7745,Non-Customer
6637,V-Pet
7561,Non-Customer
2308,Non-Customer
6923,Non-Customer
5412,V-Auto
8567,Non-Customer
7810,Non-Customer
10777,Non-Customer
12342,Non-Customer
892,Non-Customer
9419,Non-Customer
5718,Non-Customer
2980,V-Auto
440,Non-Customer
5534,Non-Customer
10338,V-Auto
2115,Non-Customer
7851,V-Pet
5924,Non-Customer
12395,Non-Customer
9588,Non-Customer
6324,Non-Customer
12069,Non-Customer
5280,Non-Customer
10382,Non-Customer
9100,Non-Customer
7501,Non-Customer
2758,Non-Customer
6773,Non-Customer
2251,Non-Customer
25,Non-Customer
5362,Non-Customer
439,Non-Customer
5076,Non-Customer
12,Non-Customer
8999,Non-Customer
6746,Non-Customer
2200,V-Auto
736,Non-Customer
6216,Non-Customer
11888,Non-Customer
9912,Non-Customer
2479,V-Pet
231,V-Auto
2898,V-Pet
5962,Non-Customer
4133,Non-Customer
2600,Non-Customer
12167,V-Auto
12687,Non-Customer
2162,Non-Customer
5855,V-Auto
8172,Non-Customer
10284,Non-Customer
10014,Non-Customer
5632,Non-Customer
6852,Non-Customer
2401,Non-Customer
6048,Non-Customer
7087,V-Auto
5937,Non-Customer
6980,Non-Customer
3899,Non-Customer
6607,Non-Customer
9115,Non-Customer
9500,Non-Customer
6718,Non-Customer
7118,Non-Customer
3338,Non-Customer
5193,V-Pet
7621,Non-Customer
5201,Non-Customer
6441,Non-Customer
9164,Non-Customer
9329,Non-Customer
5841,Non-Customer
1643,Non-Customer
2990,Non-Customer
6680,Non-Customer
12644,Non-Customer
7950,Non-Customer
551,Non-Customer
8125,Non-Customer
1435,Non-Customer
8389,Non-Customer
8356,Non-Customer
3475,V-Pet
6029,Non-Customer
1064,Non-Customer
4371,Non-Customer
4319,Non-Customer
5088,Non-Customer
5830,Non-Customer
8367,Non-Customer
5850,V-Auto
2469,Non-Customer
9178,Non-Customer
4479,V-Pet
10046,V-Pet
5073,Non-Customer
2642,V-Auto
3104,Non-Customer
9978,Non-Customer
3998,Non-Customer
8964,V-Pet
12139,Non-Customer
8239,Non-Customer
10527,V-Pet
11719,Non-Customer
813,Non-Customer
666,Non-Customer
8795,V-Pet
5381,Non-Customer
1662,Non-Customer
5466,Non-Customer
10100,Non-Customer
4028,V-Auto
8529,Non-Customer
8949,Non-Customer
2946,Non-Customer
12430,Non-Customer
3081,V-Pet
9670,Non-Customer
5420,Non-Customer
10982,Non-Customer
6507,V-Pet
9843,Non-Customer
3974,Non-Customer
3898,Non-Customer
1989,Non-Customer
2104,V-Pet
6164,Non-Customer
4883,Non-Customer
5162,Non-Customer
5368,Non-Customer
9904,Non-Customer
1272,Non-Customer
7539,Non-Customer
4172,Non-Customer
8461,Non-Customer
1960,V-Pet
9042,Non-Customer
886,Non-Customer
2633,Non-Customer
3180,V-Pet
5913,Non-Customer
1006,Non-Customer
9694,V-Auto
11416,Non-Customer
2513,Non-Customer
10560,Non-Customer
11373,Non-Customer
771,V-Pet
2150,V-Auto
2395,V-Auto
8424,Non-Customer
8122,Non-Customer
659,Non-Customer
3480,V-Pet
5513,Non-Customer
12482,Non-Customer
7365,Non-Customer
8230,Non-Customer
11827,Non-Customer
9130,Non-Customer
10539,Non-Customer
808,Non-Customer
6842,Non-Customer
3266,Non-Customer
10681,Non-Customer
7835,Non-Customer
10402,Non-Customer
10829,V-Auto
2552,Non-Customer
431,Non-Customer
2131,Non-Customer
1599,Non-Customer
832,V-Auto
5003,Non-Customer
5452,Non-Customer
2274,V-Auto
12051,Non-Customer
4747,Non-Customer
10070,Non-Customer
11666,Non-Customer
5939,Non-Customer
802,Non-Customer
10624,Non-Customer
11710,Non-Customer
7223,Non-Customer
7125,V-Pet
269,Non-Customer
3949,Non-Customer
11010,Non-Customer
2453,Non-Customer
6638,Non-Customer
677,Non-Customer
1116,V-Pet
8782,Non-Customer
11520,Non-Customer
3373,Non-Customer
11550,V-Auto
5515,Non-Customer
11774,V-Pet
6158,Non-Customer
7535,Non-Customer
4222,Non-Customer
8200,Non-Customer
1632,Non-Customer
2781,Non-Customer
373,Non-Customer
11787,Non-Customer
2126,Non-Customer
6741,Non-Customer
12359,Non-Customer
2419,Non-Customer
2157,Non-Customer
9352,Non-Customer
7651,Non-Customer
10460,Non-Customer
7350,V-Auto
5252,Non-Customer
7351,Non-Customer
11601,Non-Customer
12113,Non-Customer
11871,Non-Customer
2662,Non-Customer
5784,V-Pet
6508,Non-Customer
12340,V-Pet
329,Non-Customer
7075,Non-Customer
12553,Non-Customer
11221,Non-Customer
9238,Non-Customer
2902,V-Auto
772,Non-Customer
1627,Non-Customer
8862,V-Auto
5951,Non-Customer
3516,Non-Customer
10601,Non-Customer
6992,Non-Customer
9848,Non-Customer
4355,Non-Customer
291,Non-Customer
8935,Non-Customer
1917,V-Pet
3,Non-Customer
9279,V-Auto
3795,Non-Customer
2334,V-Bag
4474,Non-Customer
4154,Non-Customer
9398,Non-Customer
12399,Non-Customer
2625,V-Auto
5775,Non-Customer
3395,Non-Customer
2025,Non-Customer
3246,Non-Customer
115,V-Pet
7555,Non-Customer
6328,Non-Customer
11135,Non-Customer
4221,Non-Customer
8825,Non-Customer
3227,V-Pet
10761,Non-Customer
5059,Non-Customer
1799,Non-Customer
3495,Non-Customer
12276,Non-Customer
819,Non-Customer
1025,V-Pet
10651,Non-Customer
12750,V-Auto
7444,Non-Customer
11233,Non-Customer
11044,Non-Customer
9321,Non-Customer
6348,Non-Customer
12568,Non-Customer
7113,Non-Customer
8767,V-Auto
6131,Non-Customer
5517,Non-Customer
10153,V-Auto
7262,Non-Customer
4513,Non-Customer
9411,Non-Customer
3676,Non-Customer
11703,Non-Customer
11087,Non-Customer
7013,V-Pet
5143,V-Pet
10047,Non-Customer
12078,V-Auto
7151,Non-Customer
1079,Non-Customer
9278,Non-Customer
3559,Non-Customer
3025,Non-Customer
3574,Non-Customer
2324,Non-Customer
10135,Non-Customer
73,Non-Customer
2623,V-Pet
7282,V-Pet
5526,Non-Customer
9207,Non-Customer
2226,Non-Customer
6749,Non-Customer
5564,Non-Customer
9221,Non-Customer
12023,Non-Customer
7028,V-Auto
7343,Non-Customer
10854,Non-Customer
4514,Non-Customer
10968,V-Pet
9316,Non-Customer
2354,Non-Customer
3900,Non-Customer
1527,Non-Customer
8027,Non-Customer
4759,Non-Customer
4955,Non-Customer
8012,Non-Customer
212,Non-Customer
5744,Non-Customer
4665,Non-Customer
10936,Non-Customer
270,V-Auto
166,Non-Customer
7869,Non-Customer
6975,Non-Customer
4508,Non-Customer
12050,Non-Customer
8276,Non-Customer
5863,Non-Customer
10816,Non-Customer
4871,Non-Customer
10088,Non-Customer
8872,Non-Customer
7452,Non-Customer
10287,Non-Customer
10126,Non-Customer
4557,V-Auto
2772,Non-Customer
9532,Non-Customer
1518,Non-Customer
2794,Non-Customer
11337,Non-Customer
1541,Non-Customer
11806,Non-Customer
904,Non-Customer
1018,Non-Customer
3387,Non-Customer
4430,Non-Customer
12130,Non-Customer
9175,Non-Customer
7725,Non-Customer
1182,Non-Customer
8630,Non-Customer
463,Non-Customer
9195,Non-Customer
237,Non-Customer
6136,Non-Customer
8048,V-Auto
8947,Non-Customer
2320,Non-Customer
11646,Non-Customer
3088,Non-Customer
4695,Non-Customer
8835,V-Bag
11586,Non-Customer
8507,Non-Customer
9608,V-Auto
2555,Non-Customer
10762,V-Pet
8842,V-Pet
7110,V-Pet
8045,Non-Customer
11182,V-Bag
8522,Non-Customer
12403,Non-Customer
4639,Non-Customer
6359,Non-Customer
8453,Non-Customer
7415,Non-Customer
1473,Non-Customer
2796,Non-Customer
4862,Non-Customer
11758,Non-Customer
3421,Non-Customer
4798,Non-Customer
6727,Non-Customer
6547,Non-Customer
12560,Non-Customer
11156,Non-Customer
3393,Non-Customer
5559,V-Pet
11808,V-Auto
2040,Non-Customer
8109,Non-Customer
917,Non-Customer
8659,Non-Customer
11150,Non-Customer
1093,Non-Customer
8018,Non-Customer
6591,V-Pet
11690,Non-Customer
7070,Non-Customer
6113,Non-Customer
5225,Non-Customer
9684,Non-Customer
11089,Non-Customer
353,Non-Customer
3494,Non-Customer
6775,Non-Customer
7222,Non-Customer
5106,Non-Customer
4594,V-Auto
6558,Non-Customer
530,V-Auto
10345,Non-Customer
11212,Non-Customer
2478,Non-Customer
9944,Non-Customer
356,Non-Customer
12132,Non-Customer
8471,Non-Customer
4807,Non-Customer
12114,V-Auto
1489,Non-Customer
7203,Non-Customer
3018,Non-Customer
6478,Non-Customer
5094,V-Pet
6346,Non-Customer
7952,Non-Customer
1774,V-Auto
6652,Non-Customer
8978,V-Pet
10965,Non-Customer
11761,Non-Customer
11869,Non-Customer
6250,Non-Customer
11254,Non-Customer
7173,Non-Customer
7890,Non-Customer
6243,V-Auto
4310,Non-Customer
1882,Non-Customer
6811,Non-Customer
6108,Non-Customer
6205,Non-Customer
9811,Non-Customer
3533,Non-Customer
7149,Non-Customer
2860,V-Pet
9107,Non-Customer
12376,Non-Customer
12284,Non-Customer
12709,Non-Customer
1798,Non-Customer
9537,Non-Customer
188,Non-Customer
12663,Non-Customer
6688,V-Pet
2498,V-Pet
7066,Non-Customer
2701,Non-Customer
3726,Non-Customer
2186,Non-Customer
7727,Non-Customer
12222,Non-Customer
3808,Non-Customer
865,Non-Customer
4532,Non-Customer
3386,Non-Customer
10314,Non-Customer
12345,Non-Customer
7115,Non-Customer
12479,V-Auto
2428,Non-Customer
3134,Non-Customer
2417,Non-Customer
758,Non-Customer
9355,Non-Customer
10727,Non-Customer
6661,Non-Customer
11822,Non-Customer
7995,V-Auto
8892,V-Auto
9348,Non-Customer
1686,Non-Customer
8251,Non-Customer
3365,Non-Customer
4449,Non-Customer
262,V-Auto
3870,Non-Customer
5758,Non-Customer
8695,Non-Customer
11852,Non-Customer
9964,Non-Customer
147,Non-Customer
687,Non-Customer
2497,Non-Customer
12531,Non-Customer
11470,Non-Customer
4030,Non-Customer
11116,V-Auto
4312,Non-Customer
3553,Non-Customer
7033,Non-Customer
4837,Non-Customer
8311,Non-Customer
9993,Non-Customer
10035,Non-Customer
5298,Non-Customer
2627,Non-Customer
2342,Non-Customer
11711,Non-Customer
11055,Non-Customer
12744,Non-Customer
2121,Non-Customer
10129,Non-Customer
3308,Non-Customer
164,Non-Customer
12734,Non-Customer
6801,Non-Customer
8153,Non-Customer
1737,Non-Customer
9934,Non-Customer
4080,Non-Customer
7290,Non-Customer
12554,Non-Customer
3698,Non-Customer
4253,Non-Customer
1013,Non-Customer
3960,V-Pet
12140,V-Auto
12574,Non-Customer
6536,Non-Customer
3028,Non-Customer
7184,Non-Customer
6717,V-Auto
5238,Non-Customer
10532,Non-Customer
6311,Non-Customer
10084,Non-Customer
3788,V-Auto
10765,Non-Customer
5748,Non-Customer
12525,Non-Customer
12529,Non-Customer
8221,Non-Customer
12067,V-Auto
4969,Non-Customer
8283,Non-Customer
3041,Non-Customer
9890,Non-Customer
3914,Non-Customer
8182,Non-Customer
8823,Non-Customer
10599,Non-Customer
4276,Non-Customer
10581,Non-Customer
2396,V-Pet
12045,Non-Customer
1345,Non-Customer
7931,Non-Customer
4515,Non-Customer
9490,V-Auto
9366,Non-Customer
867,Non-Customer
2751,Non-Customer
4123,Non-Customer
5419,Non-Customer
6132,Non-Customer
11593,Non-Customer
9509,V-Auto
11423,Non-Customer
4908,Non-Customer
1532,Non-Customer
9699,Non-Customer
9019,Non-Customer
1536,V-Bag
2635,V-Auto
12035,Non-Customer
4006,Non-Customer
4303,Non-Customer
1633,Non-Customer
1183,Non-Customer
6631,Non-Customer
5508,Non-Customer
7368,Non-Customer
2943,V-Pet
4440,Non-Customer
10890,Non-Customer
702,Non-Customer
7529,Non-Customer
2728,Non-Customer
10171,Non-Customer
12449,Non-Customer
9683,V-Pet
3647,Non-Customer
4282,Non-Customer
10231,V-Auto
1947,Non-Customer
5251,Non-Customer
7749,Non-Customer
12087,V-Auto
2676,Non-Customer
10267,Non-Customer
5600,Non-Customer
10315,Non-Customer
4562,Non-Customer
2537,Non-Customer
8490,Non-Customer
3196,Non-Customer
12654,Non-Customer
2202,Non-Customer
7685,Non-Customer
12606,Non-Customer
11813,Non-Customer
7039,Non-Customer
10111,Non-Customer
9695,Non-Customer
9271,V-Pet
5454,Non-Customer
10067,Non-Customer
3128,Non-Customer
1557,Non-Customer
489,Non-Customer
10607,V-Pet
7692,V-Pet
4571,Non-Customer
1522,Non-Customer
11351,Non-Customer
10011,Non-Customer
6031,Non-Customer
1117,Non-Customer
3964,Non-Customer
4422,Non-Customer
10700,Non-Customer
9002,Non-Customer
11425,Non-Customer
12119,Non-Customer
3789,Non-Customer
6872,Non-Customer
5050,Non-Customer
10739,Non-Customer
6568,Non-Customer
2927,Non-Customer
4186,Non-Customer
3655,Non-Customer
8818,Non-Customer
11715,Non-Customer
5069,Non-Customer
12456,Non-Customer
10969,Non-Customer
3464,Non-Customer
11517,Non-Customer
2584,Non-Customer
132,Non-Customer
1978,Non-Customer
5724,V-Auto
2374,Non-Customer
5180,Non-Customer
1525,Non-Customer
3321,Non-Customer
10306,V-Pet
3009,V-Pet
6155,Non-Customer
8175,Non-Customer
4126,V-Auto
6616,Non-Customer
7434,Non-Customer
9249,Non-Customer
10391,V-Pet
4302,Non-Customer
6528,Non-Customer
3312,Non-Customer
5702,Non-Customer
1350,Non-Customer
5329,Non-Customer
4795,Non-Customer
6861,Non-Customer
579,Non-Customer
11173,Non-Customer
10814,Non-Customer
3173,Non-Customer
4396,Non-Customer
6332,Non-Customer
3616,Non-Customer
860,Non-Customer
9892,Non-Customer
7664,Non-Customer
8845,Non-Customer
3971,Non-Customer
2050,Non-Customer
519,Non-Customer
621,Non-Customer
3556,Non-Customer
1577,Non-Customer
1897,Non-Customer
6982,V-Auto
8518,Non-Customer
8563,V-Auto
4748,Non-Customer
6681,Non-Customer
6553,Non-Customer
8082,V-Pet
8115,V-Auto
8207,V-Pet
2579,Non-Customer
8992,Non-Customer
415,Non-Customer
7711,V-Pet
2310,Non-Customer
5964,Non-Customer
2551,Non-Customer
5376,Non-Customer
12280,V-Pet
4655,Non-Customer
11291,Non-Customer
12564,Non-Customer
12003,Non-Customer
3432,Non-Customer
7382,V-Pet
1102,Non-Customer
7892,Non-Customer
7448,Non-Customer
10981,Non-Customer
253,Non-Customer
4300,Non-Customer
862,Non-Customer
1055,Non-Customer
5843,Non-Customer
1565,Non-Customer
4956,Non-Customer
1401,Non-Customer
11865,Non-Customer
6577,Non-Customer
877,Non-Customer
9768,Non-Customer
4450,Non-Customer
418,Non-Customer
9033,Non-Customer
7165,Non-Customer
11476,Non-Customer
10916,Non-Customer
2007,Non-Customer
524,Non-Customer
11694,Non-Customer
1358,V-Auto
5697,Non-Customer
7574,Non-Customer
733,Non-Customer
9334,Non-Customer
625,Non-Customer
667,Non-Customer
5955,Non-Customer
5544,V-Pet
6640,Non-Customer
9953,Non-Customer
11985,V-Auto
2190,Non-Customer
10769,Non-Customer
8850,Non-Customer
3455,Non-Customer
3601,Non-Customer
12361,Non-Customer
5926,Non-Customer
6724,Non-Customer
7846,Non-Customer
11021,Non-Customer
3278,Non-Customer
366,Non-Customer
3491,Non-Customer
2147,Non-Customer
1597,Non-Customer
1574,Non-Customer
6592,Non-Customer
10922,Non-Customer
2804,Non-Customer
9737,V-Pet
949,Non-Customer
10594,Non-Customer
4394,Non-Customer
11058,Non-Customer
8397,V-Auto
12279,V-Auto
6355,V-Pet
6968,Non-Customer
1949,Non-Customer
7949,V-Auto
9975,Non-Customer
7228,Non-Customer
8956,Non-Customer
3743,Non-Customer
7834,V-Pet
1727,Non-Customer
12692,Non-Customer
6068,Non-Customer
11110,Non-Customer
8743,Non-Customer
11936,Non-Customer
4330,Non-Customer
4973,V-Auto
11536,Non-Customer
10281,Non-Customer
8969,Non-Customer
2935,Non-Customer
5895,Non-Customer
1716,Non-Customer
3051,V-Auto
6769,Non-Customer
10106,Non-Customer
1341,Non-Customer
9895,Non-Customer
11836,Non-Customer
11481,Non-Customer
8190,Non-Customer
6278,Non-Customer
3579,Non-Customer
12306,Non-Customer
11228,Non-Customer
4182,Non-Customer
4928,V-Auto
3742,Non-Customer
9870,V-Pet
9603,V-Pet
774,Non-Customer
7639,Non-Customer
3919,Non-Customer
7968,Non-Customer
8101,V-Pet
7964,Non-Customer
2196,Non-Customer
3680,Non-Customer
357,Non-Customer
5046,Non-Customer
10563,Non-Customer
5532,Non-Customer
7653,Non-Customer
12612,Non-Customer
9689,Non-Customer
12410,V-Auto
9536,Non-Customer
9082,Non-Customer
3287,Non-Customer
12725,Non-Customer
12328,Non-Customer
7397,Non-Customer
2863,Non-Customer
1490,Non-Customer
4765,Non-Customer
7908,Non-Customer
11613,Non-Customer
12623,Non-Customer
172,Non-Customer
12112,V-Auto
2062,Non-Customer
10669,Non-Customer
4161,Non-Customer
8615,Non-Customer
9549,Non-Customer
12657,Non-Customer
5313,Non-Customer
4993,Non-Customer
229,Non-Customer
4334,Non-Customer
11138,Non-Customer
3137,Non-Customer
6375,Non-Customer
3709,V-Pet
12195,Non-Customer
9544,Non-Customer
1143,Non-Customer
12448,Non-Customer
8886,Non-Customer
1990,Non-Customer
10015,Non-Customer
3284,Non-Customer
8008,V-Pet
6122,V-Pet
3645,Non-Customer
5116,Non-Customer
9790,Non-Customer
5378,Non-Customer
5505,V-Auto
3629,Non-Customer
3858,Non-Customer
7009,Non-Customer
6715,Non-Customer
2486,Non-Customer
12421,Non-Customer
2626,Non-Customer
3033,Non-Customer
170,Non-Customer
1024,V-Pet
7993,Non-Customer
11262,Non-Customer
1703,Non-Customer
1436,Non-Customer
8664,Non-Customer
2706,Non-Customer
9564,Non-Customer
11660,Non-Customer
3316,Non-Customer
7956,Non-Customer
8948,V-Auto
7901,Non-Customer
10932,V-Auto
11545,Non-Customer
8149,Non-Customer
5870,V-Pet
11165,V-Auto
4687,Non-Customer
5992,Non-Customer
12241,Non-Customer
4975,V-Pet
12536,Non-Customer
1769,Non-Customer
9676,Non-Customer
10384,V-Pet
2010,Non-Customer
9859,Non-Customer
10013,Non-Customer
2780,Non-Customer
4365,Non-Customer
5029,Non-Customer
7193,Non-Customer
30,Non-Customer
10036,Non-Customer
2019,Non-Customer
263,V-Auto
1110,V-Pet
929,Non-Customer
4671,Non-Customer
12648,Non-Customer
4635,Non-Customer
12137,Non-Customer
11402,Non-Customer
9245,Non-Customer
10611,Non-Customer
11478,Non-Customer
577,Non-Customer
616,Non-Customer
11232,V-Pet
1503,V-Pet
5545,Non-Customer
12354,Non-Customer
3283,Non-Customer
9371,Non-Customer
4598,Non-Customer
4591,Non-Customer
447,Non-Customer
1210,Non-Customer
2761,Non-Customer
12500,Non-Customer
10815,Non-Customer
5729,Non-Customer
703,Non-Customer
6809,Non-Customer
9143,V-Auto
6425,Non-Customer
1222,Non-Customer
9928,Non-Customer
470,Non-Customer
5923,Non-Customer
7291,Non-Customer
4638,Non-Customer
6805,Non-Customer
5343,Non-Customer
6624,Non-Customer
1132,Non-Customer
8040,Non-Customer
9141,Non-Customer
1007,Non-Customer
12460,Non-Customer
10149,V-Pet
4020,Non-Customer
8138,V-Pet
12751,Non-Customer
10060,Non-Customer
4982,Non-Customer
6466,Non-Customer
1232,Non-Customer
4026,Non-Customer
4278,Non-Customer
11950,Non-Customer
2323,Non-Customer
7322,Non-Customer
9081,Non-Customer
1320,Non-Customer
5588,Non-Customer
7029,V-Pet
9151,Non-Customer
93,V-Auto
217,Non-Customer
8484,Non-Customer
4682,V-Pet
2208,V-Pet
6794,Non-Customer
6697,Non-Customer
2132,Non-Customer
2714,Non-Customer
7874,Non-Customer
2412,Non-Customer
5928,Non-Customer
11186,Non-Customer
10496,Non-Customer
9635,Non-Customer
10042,Non-Customer
8704,Non-Customer
8735,Non-Customer
5353,Non-Customer
9006,Non-Customer
7747,Non-Customer
11867,V-Auto
12474,V-Auto
10113,Non-Customer
1604,Non-Customer
7435,Non-Customer
10912,Non-Customer
1422,Non-Customer
5489,Non-Customer
806,Non-Customer
5478,Non-Customer
9003,Non-Customer
12316,V-Auto
9774,Non-Customer
8350,Non-Customer
5661,Non-Customer
6088,Non-Customer
1390,Non-Customer
6511,Non-Customer
1526,Non-Customer
11035,Non-Customer
4266,Non-Customer
1999,Non-Customer
4403,Non-Customer
4357,V-Pet
8773,Non-Customer
681,Non-Customer
8124,Non-Customer
10644,Non-Customer
11358,V-Auto
967,V-Pet
10442,Non-Customer
5011,Non-Customer
9093,Non-Customer
12027,Non-Customer
2057,V-Auto
176,Non-Customer
4029,Non-Customer
5023,Non-Customer
8724,Non-Customer
6035,Non-Customer
5067,Non-Customer
12322,Non-Customer
11194,V-Auto
2908,Non-Customer
3577,Non-Customer
10848,Non-Customer
1515,Non-Customer
2827,Non-Customer
12041,Non-Customer
10221,Non-Customer
3072,Non-Customer
6292,Non-Customer
4593,Non-Customer
4425,Non-Customer
5388,Non-Customer
8085,Non-Customer
9032,Non-Customer
10421,Non-Customer
2954,Non-Customer
10891,Non-Customer
3797,Non-Customer
5360,Non-Customer
4621,Non-Customer
8261,Non-Customer
1346,Non-Customer
712,Non-Customer
12009,Non-Customer
5669,Non-Customer
6065,Non-Customer
3657,V-Pet
1556,V-Pet
3635,Non-Customer
12021,Non-Customer
1700,Non-Customer
2111,Non-Customer
4366,Non-Customer
3591,Non-Customer
8568,Non-Customer
7384,Non-Customer
11990,Non-Customer
6941,Non-Customer
480,Non-Customer
2368,Non-Customer
11629,Non-Customer
3195,Non-Customer
3390,Non-Customer
5221,Non-Customer
43,Non-Customer
3990,Non-Customer
545,Non-Customer
4742,Non-Customer
11695,Non-Customer
9314,Non-Customer
11913,Non-Customer
3322,Non-Customer
5712,Non-Customer
9553,V-Auto
6853,Non-Customer
8925,V-Pet
4406,Non-Customer
10249,Non-Customer
3663,Non-Customer
7466,Non-Customer
4906,Non-Customer
7367,Non-Customer
7082,Non-Customer
3963,Non-Customer
4961,Non-Customer
7989,Non-Customer
1720,Non-Customer
11204,Non-Customer
10452,Non-Customer
11720,Non-Customer
6610,Non-Customer
10021,Non-Customer
11281,Non-Customer
12513,Non-Customer
1112,Non-Customer
9412,Non-Customer
841,Non-Customer
8631,Non-Customer
992,Non-Customer
6549,Non-Customer
11326,Non-Customer
6416,V-Pet
9488,Non-Customer
12630,Non-Customer
7616,Non-Customer
5044,V-Bag
16,V-Pet
3576,Non-Customer
5188,Non-Customer
7715,Non-Customer
9104,Non-Customer
5801,Non-Customer
7390,Non-Customer
8168,V-Pet
811,Non-Customer
12729,Non-Customer
12368,Non-Customer
10994,Non-Customer
7978,Non-Customer
526,Non-Customer
6509,Non-Customer
6582,Non-Customer
7041,Non-Customer
7187,Non-Customer
12578,Non-Customer
116,Non-Customer
12056,Non-Customer
3201,Non-Customer
11049,Non-Customer
668,V-Auto
10864,Non-Customer
11532,Non-Customer
4368,Non-Customer
9147,Non-Customer
10055,Non-Customer
765,Non-Customer
6432,Non-Customer
6163,Non-Customer
9380,V-Auto
4055,Non-Customer
5141,Non-Customer
8778,Non-Customer
1067,Non-Customer
1657,Non-Customer
11977,Non-Customer
10168,Non-Customer
1824,Non-Customer
2037,Non-Customer
7332,Non-Customer
6012,Non-Customer
5259,Non-Customer
8537,Non-Customer
11241,Non-Customer
1905,Non-Customer
7333,Non-Customer
7933,V-Auto
3234,Non-Customer
3611,Non-Customer
5649,V-Auto
3791,V-Pet
4231,Non-Customer
1543,Non-Customer
11712,Non-Customer
12600,Non-Customer
4614,Non-Customer
10953,Non-Customer
7655,Non-Customer
9963,Non-Customer
5779,V-Pet
643,V-Pet
1347,Non-Customer
5451,Non-Customer
8709,Non-Customer
3074,Non-Customer
7197,Non-Customer
2472,Non-Customer
11068,V-Auto
7433,Non-Customer
5888,Non-Customer
1263,Non-Customer
6580,Non-Customer
8750,Non-Customer
12571,Non-Customer
9290,Non-Customer
9280,Non-Customer
6033,Non-Customer
4601,Non-Customer
3609,Non-Customer
10546,Non-Customer
4963,Non-Customer
1363,Non-Customer
2234,Non-Customer
10794,V-Pet
4360,Non-Customer
3739,Non-Customer
3951,Non-Customer
510,Non-Customer
4244,Non-Customer
1022,Non-Customer
2490,V-Auto
10308,Non-Customer
6231,Non-Customer
6827,Non-Customer
11919,Non-Customer
9234,Non-Customer
1047,Non-Customer
12208,V-Pet
6226,Non-Customer
1732,Non-Customer
2942,Non-Customer
11766,Non-Customer
11145,Non-Customer
5735,Non-Customer
11626,Non-Customer
3035,Non-Customer
2029,Non-Customer
6342,Non-Customer
11669,V-Pet
4718,Non-Customer
3691,Non-Customer
5530,V-Auto
3999,Non-Customer
7286,Non-Customer
11566,Non-Customer
2747,V-Pet
1859,Non-Customer
7360,Non-Customer
6319,Non-Customer
1441,Non-Customer
8284,Non-Customer
2178,Non-Customer
4893,Non-Customer
4689,Non-Customer
2694,Non-Customer
9900,Non-Customer
10657,Non-Customer
2759,Non-Customer
7765,V-Pet
12024,Non-Customer
9512,Non-Customer
202,Non-Customer
3453,Non-Customer
1494,Non-Customer
1142,Non-Customer
64,Non-Customer
8868,Non-Customer
574,Non-Customer
2437,Non-Customer
912,Non-Customer
5168,Non-Customer
9206,Non-Customer
6302,Non-Customer
8723,V-Pet
5327,Non-Customer
4034,V-Auto
4674,Non-Customer
5993,Non-Customer
4670,Non-Customer
4252,Non-Customer
12524,Non-Customer
7080,Non-Customer
553,V-Auto
7863,Non-Customer
6979,Non-Customer
7276,Non-Customer
12664,Non-Customer
5461,Non-Customer
6581,Non-Customer
11283,Non-Customer
6914,Non-Customer
11860,Non-Customer
4962,Non-Customer
6282,Non-Customer
1454,V-Pet
6858,Non-Customer
9659,Non-Customer
3904,Non-Customer
6267,V-Pet
6005,Non-Customer
6938,Non-Customer
4859,V-Auto
2854,Non-Customer
5966,Non-Customer
3428,Non-Customer
8911,Non-Customer
7057,Non-Customer
6494,Non-Customer
2974,Non-Customer
2145,Non-Customer
3238,Non-Customer
11947,Non-Customer
8070,Non-Customer
8336,Non-Customer
5982,Non-Customer
10350,V-Pet
5774,Non-Customer
9486,Non-Customer
4113,Non-Customer
3374,Non-Customer
4781,Non-Customer
6114,Non-Customer
3166,Non-Customer
54,Non-Customer
7780,V-Pet
11558,Non-Customer
11325,Non-Customer
1505,V-Pet
2179,Non-Customer
6436,Non-Customer
8309,Non-Customer
9313,Non-Customer
11395,Non-Customer
3226,Non-Customer
624,Non-Customer
6557,Non-Customer
3151,V-Auto
32,Non-Customer
705,Non-Customer
8224,Non-Customer
7955,Non-Customer
2731,Non-Customer
4193,Non-Customer
378,Non-Customer
5531,Non-Customer
6427,V-Pet
843,Non-Customer
1284,Non-Customer
8595,Non-Customer
12490,Non-Customer
5659,Non-Customer
7826,Non-Customer
6191,Non-Customer
12343,Non-Customer
2849,Non-Customer
10944,Non-Customer
776,Non-Customer
7180,Non-Customer
1329,Non-Customer
2834,Non-Customer
3485,Non-Customer
10236,V-Auto
7245,Non-Customer
3937,Non-Customer
9499,Non-Customer
1271,V-Pet
1571,Non-Customer
12120,Non-Customer
6965,Non-Customer
11615,Non-Customer
6700,Non-Customer
6586,Non-Customer
12586,Non-Customer
3981,Non-Customer
5435,V-Auto
565,Non-Customer
9344,Non-Customer
6446,Non-Customer
9406,Non-Customer
2973,Non-Customer
11104,V-Pet
1242,V-Pet
4931,V-Pet
10801,Non-Customer
9939,Non-Customer
2154,Non-Customer
10882,Non-Customer
3197,Non-Customer
1332,Non-Customer
9673,Non-Customer
10069,Non-Customer
8682,Non-Customer
9777,Non-Customer
10906,V-Pet
4936,Non-Customer
3361,Non-Customer
770,Non-Customer
3437,Non-Customer
10219,Non-Customer
743,Non-Customer
5911,Non-Customer
3466,Non-Customer
1451,Non-Customer
12002,Non-Customer
9330,Non-Customer
1354,Non-Customer
10549,Non-Customer
11987,Non-Customer
7959,V-Pet
12103,Non-Customer
8456,Non-Customer
4939,Non-Customer
9662,Non-Customer
6682,Non-Customer
8707,Non-Customer
10678,Non-Customer
4561,Non-Customer
11127,Non-Customer
6252,V-Pet
9165,Non-Customer
786,Non-Customer
3542,Non-Customer
788,V-Pet
5603,Non-Customer
5580,V-Auto
11417,Non-Customer
6313,Non-Customer
10090,Non-Customer
2830,Non-Customer
12122,Non-Customer
5357,V-Pet
5592,Non-Customer
10297,Non-Customer
169,V-Pet
2101,Non-Customer
10073,V-Auto
10023,Non-Customer
9678,V-Pet
2093,Non-Customer
2259,Non-Customer
10039,Non-Customer
3607,Non-Customer
7362,Non-Customer
5643,Non-Customer
11791,Non-Customer
12040,Non-Customer
4363,Non-Customer
1247,Non-Customer
9764,Non-Customer
11439,Non-Customer
8319,Non-Customer
923,Non-Customer
1408,Non-Customer
4892,V-Pet
8233,Non-Customer
4048,Non-Customer
6954,Non-Customer
12604,Non-Customer
245,Non-Customer
3242,Non-Customer
1257,Non-Customer
9579,Non-Customer
2427,V-Auto
10507,Non-Customer
10498,Non-Customer
2314,Non-Customer
5523,Non-Customer
7136,Non-Customer
11032,Non-Customer
6989,Non-Customer
6813,Non-Customer
3624,Non-Customer
7806,V-Auto
4658,Non-Customer
1190,Non-Customer
3510,Non-Customer
4262,Non-Customer
10618,Non-Customer
1941,Non-Customer
10025,Non-Customer
8730,Non-Customer
10321,Non-Customer
12123,Non-Customer
12360,Non-Customer
5565,Non-Customer
3942,Non-Customer
8468,Non-Customer
5944,Non-Customer
6263,Non-Customer
7652,Non-Customer
2506,Non-Customer
4413,Non-Customer
8268,Non-Customer
12755,V-Pet
8139,V-Pet
2786,Non-Customer
5291,Non-Customer
12546,Non-Customer
5358,Non-Customer
1542,Non-Customer
9896,Non-Customer
8279,Non-Customer
3442,Non-Customer
12334,Non-Customer
9421,V-Pet
4041,Non-Customer
3203,Non-Customer
9242,Non-Customer
11798,Non-Customer
2916,V-Pet
5918,Non-Customer
1940,Non-Customer
6290,Non-Customer
6283,Non-Customer
5861,Non-Customer
9820,V-Pet
2855,Non-Customer
945,Non-Customer
6340,Non-Customer
10169,Non-Customer
2542,Non-Customer
9970,V-Auto
9307,Non-Customer
1088,Non-Customer
7592,Non-Customer
10075,Non-Customer
4348,Non-Customer
2511,Non-Customer
14,Non-Customer
4739,Non-Customer
3029,Non-Customer
6179,Non-Customer
5031,Non-Customer
11175,Non-Customer
12144,V-Auto
4510,Non-Customer
10802,Non-Customer
5766,Non-Customer
280,Non-Customer
1089,Non-Customer
11667,V-Auto
5571,Non-Customer
7876,Non-Customer
6803,Non-Customer
7788,Non-Customer
6770,Non-Customer
1482,Non-Customer
8360,Non-Customer
5910,Non-Customer
8962,Non-Customer
3738,Non-Customer
8495,Non-Customer
131,Non-Customer
10812,Non-Customer
8643,Non-Customer
8302,Non-Customer
4785,Non-Customer
4597,Non-Customer
785,Non-Customer
2023,Non-Customer
12598,Non-Customer
5413,Non-Customer
11870,Non-Customer
4823,Non-Customer
1520,Non-Customer
1653,Non-Customer
11928,Non-Customer
10450,Non-Customer
2067,Non-Customer
8678,Non-Customer
9616,Non-Customer
4242,Non-Customer
9261,Non-Customer
10114,Non-Customer
2735,Non-Customer
8025,Non-Customer
3766,Non-Customer
5797,V-Auto
6603,Non-Customer
11709,Non-Customer
11851,Non-Customer
5963,V-Auto
8355,Non-Customer
11685,Non-Customer
2760,Non-Customer
6658,Non-Customer
381,Non-Customer
9430,Non-Customer
7789,Non-Customer
2463,Non-Customer
11765,Non-Customer
8637,Non-Customer
12661,Non-Customer
8515,V-Pet
6044,Non-Customer
4512,Non-Customer
9573,Non-Customer
4533,Non-Customer
2709,Non-Customer
5356,V-Auto
12260,Non-Customer
8338,Non-Customer
4373,Non-Customer
6119,V-Bag
748,Non-Customer
9525,Non-Customer
8287,V-Auto
2543,V-Pet
1184,V-Auto
12497,Non-Customer
4730,Non-Customer
7176,Non-Customer
8026,Non-Customer
11171,Non-Customer
8525,Non-Customer
8910,Non-Customer
1149,Non-Customer
8915,Non-Customer
4633,Non-Customer
1830,Non-Customer
8462,Non-Customer
495,Non-Customer
10913,Non-Customer
4305,Non-Customer
1019,Non-Customer
4436,Non-Customer
9788,Non-Customer
6236,Non-Customer
4386,V-Pet
10483,Non-Customer
8446,Non-Customer
2815,Non-Customer
3972,Non-Customer
1516,V-Pet
2998,Non-Customer
10572,V-Pet
12238,Non-Customer
3181,Non-Customer
8248,Non-Customer
11588,Non-Customer
5807,Non-Customer
3864,Non-Customer
3846,Non-Customer
10620,Non-Customer
10300,Non-Customer
11347,Non-Customer
1189,Non-Customer
1661,Non-Customer
4284,Non-Customer
5932,Non-Customer
782,Non-Customer
937,V-Pet
3955,Non-Customer
2046,Non-Customer
3250,Non-Customer
6262,Non-Customer
5804,V-Auto
11866,V-Pet
8737,Non-Customer
10885,Non-Customer
3362,Non-Customer
2028,Non-Customer
11514,Non-Customer
3799,Non-Customer
9157,V-Auto
686,Non-Customer
1044,Non-Customer
7354,V-Pet
1938,Non-Customer
4109,Non-Customer
5013,Non-Customer
1188,V-Pet
9977,Non-Customer
12701,Non-Customer
2086,V-Auto
7019,Non-Customer
7403,V-Pet
4437,Non-Customer
4137,V-Auto
12286,Non-Customer
3132,Non-Customer
1486,Non-Customer
2752,Non-Customer
4541,Non-Customer
10796,Non-Customer
5642,Non-Customer
8677,Non-Customer
3272,Non-Customer
4311,Non-Customer
7769,Non-Customer
7190,Non-Customer
7709,Non-Customer
756,Non-Customer
4111,Non-Customer
10617,Non-Customer
9817,Non-Customer
11359,Non-Customer
11454,V-Auto
8761,Non-Customer
2690,Non-Customer
2389,Non-Customer
9011,V-Auto
5098,Non-Customer
2262,Non-Customer
6014,Non-Customer
10740,Non-Customer
10414,Non-Customer
8107,Non-Customer
4008,Non-Customer
4061,Non-Customer
10934,V-Pet
6100,Non-Customer
1057,Non-Customer
10151,Non-Customer
12412,Non-Customer
4916,Non-Customer
2866,Non-Customer
1671,Non-Customer
7238,Non-Customer
5579,Non-Customer
12741,Non-Customer
12658,Non-Customer
10718,V-Auto
3752,Non-Customer
2800,Non-Customer
11183,Non-Customer
7476,Non-Customer
4018,Non-Customer
9101,Non-Customer
3935,Non-Customer
11101,Non-Customer
3239,Non-Customer
4267,V-Auto
11350,Non-Customer
3213,Non-Customer
2385,Non-Customer
8932,Non-Customer
9444,Non-Customer
2754,Non-Customer
4273,Non-Customer
5170,V-Pet
8300,Non-Customer
11408,Non-Customer
3613,Non-Customer
1507,Non-Customer
5617,V-Pet
814,Non-Customer
5151,V-Pet
4622,V-Pet
7552,Non-Customer
7242,Non-Customer
10161,V-Auto
10260,Non-Customer
5324,Non-Customer
1464,Non-Customer
4325,Non-Customer
6285,Non-Customer
7280,Non-Customer
1821,V-Pet
6141,Non-Customer
1857,Non-Customer
10826,Non-Customer
9596,Non-Customer
10818,Non-Customer
10416,Non-Customer
10702,Non-Customer
12182,Non-Customer
5274,Non-Customer
8904,Non-Customer
1330,Non-Customer
784,Non-Customer
6780,Non-Customer
5620,V-Pet
5156,Non-Customer
1412,Non-Customer
7128,Non-Customer
2673,Non-Customer
9447,Non-Customer
3856,Non-Customer
8579,Non-Customer
10927,V-Pet
11231,Non-Customer
2578,Non-Customer
4724,V-Auto
4144,Non-Customer
10353,V-Auto
2089,Non-Customer
1875,Non-Customer
11670,Non-Customer
2125,Non-Customer
6948,Non-Customer
12136,Non-Customer
8105,Non-Customer
8331,Non-Customer
11293,Non-Customer
11385,Non-Customer
45,Non-Customer
10909,Non-Customer
7098,Non-Customer
3063,V-Auto
9326,Non-Customer
7864,V-Pet
11764,Non-Customer
11099,Non-Customer
1098,V-Auto
6713,Non-Customer
384,Non-Customer
8834,V-Auto
2955,Non-Customer
6443,Non-Customer
2357,Non-Customer
10703,Non-Customer
10019,V-Auto
8479,V-Auto
7556,Non-Customer
10198,V-Pet
648,Non-Customer
984,Non-Customer
3375,V-Pet
207,Non-Customer
5700,Non-Customer
7689,V-Pet
9849,V-Auto
4189,Non-Customer
10522,Non-Customer
5152,Non-Customer
7439,Non-Customer
2036,V-Pet
5845,Non-Customer
12577,V-Auto
11415,Non-Customer
1392,Non-Customer
4025,Non-Customer
4867,Non-Customer
10962,Non-Customer
302,Non-Customer
12719,Non-Customer
520,Non-Customer
2675,Non-Customer
2177,Non-Customer
9137,Non-Customer
3641,Non-Customer
2108,Non-Customer
10742,Non-Customer
1316,Non-Customer
11937,Non-Customer
7770,Non-Customer
11895,V-Auto
12716,Non-Customer
954,Non-Customer
7387,Non-Customer
11106,Non-Customer
3672,Non-Customer
7231,Non-Customer
1094,Non-Customer
12066,Non-Customer
11344,Non-Customer
7030,Non-Customer
4083,Non-Customer
10879,Non-Customer
6051,Non-Customer
9273,Non-Customer
1946,Non-Customer
10519,Non-Customer
1634,Non-Customer
5936,Non-Customer
2080,Non-Customer
850,Non-Customer
12104,Non-Customer
1311,Non-Customer
10370,Non-Customer
7059,Non-Customer
2366,Non-Customer
9917,Non-Customer
8952,Non-Customer
7929,Non-Customer
9059,Non-Customer
7213,Non-Customer
2719,V-Pet
6744,Non-Customer
3367,Non-Customer
5568,Non-Customer
10466,Non-Customer
7559,Non-Customer
2429,Non-Customer
4255,Non-Customer
8470,Non-Customer
8555,Non-Customer
7516,Non-Customer
8093,Non-Customer
2047,Non-Customer
3852,Non-Customer
8855,Non-Customer
8157,Non-Customer
4846,Non-Customer
10565,Non-Customer
10006,Non-Customer
2391,Non-Customer
9213,Non-Customer
8371,Non-Customer
12080,V-Pet
8669,Non-Customer
7130,Non-Customer
2435,Non-Customer
2730,Non-Customer
3473,Non-Customer
5479,Non-Customer
6203,Non-Customer
7804,Non-Customer
10472,V-Auto
9463,Non-Customer
7648,Non-Customer
11689,Non-Customer
2748,V-Pet
10933,Non-Customer
12291,Non-Customer
4572,V-Auto
4882,Non-Customer
2305,V-Pet
4828,Non-Customer
3360,Non-Customer
6877,Non-Customer
7359,Non-Customer
12478,V-Pet
8811,Non-Customer
8100,V-Auto
36,Non-Customer
12173,Non-Customer
10813,Non-Customer
6690,Non-Customer
593,Non-Customer
3050,V-Pet
8243,Non-Customer
10534,Non-Customer
2641,Non-Customer
7010,Non-Customer
5351,Non-Customer
744,Non-Customer
3757,Non-Customer
1158,Non-Customer
8384,Non-Customer
1087,Non-Customer
7358,Non-Customer
9958,V-Bag
10447,Non-Customer
1528,Non-Customer
2945,Non-Customer
5463,Non-Customer
5124,Non-Customer
5432,Non-Customer
95,Non-Customer
6729,V-Auto
6862,Non-Customer
2003,Non-Customer
7590,Non-Customer
10432,Non-Customer
8322,Non-Customer
11381,Non-Customer
773,Non-Customer
3069,V-Pet
8744,Non-Customer
2397,Non-Customer
3874,Non-Customer
3270,V-Auto
6185,Non-Customer
6985,Non-Customer
5898,Non-Customer
5629,Non-Customer
6738,Non-Customer
1984,V-Auto
10487,Non-Customer
5608,Non-Customer
4543,Non-Customer
4713,Non-Customer
2166,Non-Customer
2000,Non-Customer
498,Non-Customer
8092,Non-Customer
5885,Non-Customer
6077,Non-Customer
11363,Non-Customer
12378,Non-Customer
1742,V-Pet
4895,Non-Customer
2518,Non-Customer
2106,Non-Customer
9016,V-Pet
12252,V-Pet
9792,Non-Customer
4812,Non-Customer
1610,Non-Customer
6237,V-Auto
646,V-Auto
8425,Non-Customer
4464,Non-Customer
31,Non-Customer
8254,Non-Customer
11831,Non-Customer
6104,Non-Customer
1829,Non-Customer
1433,Non-Customer
10687,Non-Customer
6255,Non-Customer
11903,Non-Customer
1014,Non-Customer
8376,Non-Customer
8877,Non-Customer
2618,Non-Customer
1130,V-Pet
6622,V-Pet
4103,Non-Customer
4672,V-Pet
11308,V-Pet
8824,Non-Customer
2236,V-Auto
10386,Non-Customer
7052,Non-Customer
5431,Non-Customer
326,Non-Customer
3669,Non-Customer
9322,Non-Customer
12502,V-Pet
6447,Non-Customer
2648,Non-Customer
6209,Non-Customer
7244,Non-Customer
1621,Non-Customer
12589,Non-Customer
5853,Non-Customer
250,V-Auto
1327,Non-Customer
10506,Non-Customer
10099,Non-Customer
6945,Non-Customer
7867,V-Pet
8538,Non-Customer
10112,V-Pet
11673,V-Auto
6613,V-Auto
7480,V-Auto
3544,Non-Customer
9783,Non-Customer
3995,Non-Customer
8266,Non-Customer
10667,Non-Customer
11360,Non-Customer
2120,Non-Customer
10053,Non-Customer
4983,Non-Customer
127,Non-Customer
3359,Non-Customer
9815,Non-Customer
9522,Non-Customer
2894,V-Auto
3699,Non-Customer
8936,Non-Customer
6055,Non-Customer
4625,Non-Customer
286,Non-Customer
8440,Non-Customer
1033,Non-Customer
6000,Non-Customer
7494,Non-Customer
12753,V-Pet
167,Non-Customer
2875,Non-Customer
4017,Non-Customer
187,Non-Customer
3786,Non-Customer
8600,Non-Customer
9385,V-Pet
3335,Non-Customer
4295,Non-Customer
4521,Non-Customer
540,Non-Customer
11274,Non-Customer
3006,Non-Customer
3626,Non-Customer
430,Non-Customer
12318,V-Auto
8966,Non-Customer
10179,Non-Customer
12319,V-Pet
243,Non-Customer
6259,Non-Customer
6265,Non-Customer
10516,Non-Customer
9962,Non-Customer
7045,Non-Customer
272,Non-Customer
3703,Non-Customer
12233,Non-Customer
11707,V-Pet
513,Non-Customer
10923,Non-Customer
10417,Non-Customer
3684,Non-Customer
4582,V-Pet
3632,Non-Customer
5365,Non-Customer
2078,Non-Customer
5708,Non-Customer
3339,V-Auto
669,Non-Customer
177,V-Pet
2151,Non-Customer
7348,Non-Customer
3259,Non-Customer
12314,Non-Customer
7156,Non-Customer
5311,Non-Customer
241,V-Pet
4285,V-Pet
11580,Non-Customer
466,Non-Customer
7304,Non-Customer
312,Non-Customer
69,Non-Customer
10596,V-Auto
6345,Non-Customer
7337,Non-Customer
7099,Non-Customer
12053,Non-Customer
9001,Non-Customer
7947,V-Auto
10455,Non-Customer
12232,Non-Customer
11904,Non-Customer
1448,Non-Customer
10725,Non-Customer
4418,Non-Customer
3415,V-Pet
10883,Non-Customer
4272,Non-Customer
3106,Non-Customer
8798,Non-Customer
4265,Non-Customer
8388,Non-Customer
12326,Non-Customer
49,V-Pet
8573,Non-Customer
5777,Non-Customer
9987,Non-Customer
3925,Non-Customer
5542,Non-Customer
6800,V-Pet
5265,Non-Customer
5703,Non-Customer
7017,Non-Customer
12678,Non-Customer
3512,Non-Customer
11680,V-Auto
9575,V-Pet
7660,Non-Customer
6476,Non-Customer
2022,Non-Customer
3817,Non-Customer
7301,Non-Customer
383,Non-Customer
9569,Non-Customer
5218,Non-Customer
10462,Non-Customer
